Symbol,Last,"1M Chg","5D Chg","Earnings ttm","P/E ttm","5Y Return","5Y Rev%",Industry,Sector,"Market Cap",Dividend(a),"52W Low","52W Low Date","52W High"
UNH,281.68,9.74,33.74,15.11,17.44,127.90%,85.60%,"Medical - HMO",Medical,256588992000,4.32,187.72,03/23/20,306.71
DISCA,21.35,-1.57,0.65,3.7,5.94,-31.83%,77.88%,"Broadcast - Radio & TV","Consumer Discretionary",11714524000,0,17.12,03/23/20,33.65
LOW,94.34,-2.03,3.5,5.72,16.64,35.42%,28.32%,"Building Prds Retail - Wsale",Retail-Wholesale,74792792000,2.2,60,03/19/20,126.73
F,5.03,-0.59,0.34,1.22,4.23,-66.46%,8.21%,"Auto - Domestic",Auto-Tires-Trucks,20974480000,0,3.96,03/23/20,10.56
CINF,82.94,-7.51,3.19,4.21,19.63,65.72%,60.24%,"Insurance - Proprty & Casualty",Finance,14131627000,2.4,65.69,03/23/20,118.19
XOM,40.48,2.37,-0.76,2.37,18.04,-51.21%,-35.69%,"Oil - International Integrated",Oils-Energy,179571856000,3.48,30.11,03/23/20,83.49
ACN,169.45,3.43,5.82,7.67,22.5,90.69%,35.58%,Consulting,"Business Services",113213184000,3.2,137.15,03/23/20,216.39
MA,257.14,-11.64,-0.71,7.78,33.85,198.41%,78.22%,"Financial Transaction Services","Business Services",272102816000,1.6,199.99,03/23/20,347.25
SRE,121.51,15.19,5.44,6.07,20.92,16.82%,-1.87%,"Utility - Gas Distribution",Utilities,37405836000,4.18,88,03/23/20,161.87
MGM,14.42,-1.09,0.72,0.74,18.8,-31.64%,27.95%,Gaming,"Consumer Discretionary",7410073000,0.6,5.9,03/18/20,34.63
HFC,23.8,1.28,-2.03,4.88,5.13,-36.95%,-11.52%,"Oil - Refining and Marketing",Oils-Energy,4058432000,1.4,18.48,03/24/20,58.88
TAP,44.6,1.92,0.95,4.54,9.92,-38.01%,155.15%,"Beverages - Alcohol","Consumer Staples",10076817000,2.28,34.01,03/23/20,64.32
SEE,28.27,2.76,1.19,2.81,10.49,-33.86%,-38.18%,"Containers - Paper Products","Industrial Products",4576715000,0.64,17.06,03/19/20,46.88
WYNN,71.85,-1.37,10.3,2.6,26.65,-42.75%,21.67%,Gaming,"Consumer Discretionary",8007792000,4,35.84,03/18/20,153.41
SO,55.89,2.44,1.29,3.11,18.56,31.49%,15.99%,"Utility - Electric Power",Utilities,62199452000,2.48,41.96,03/23/20,71.1
EXC,37.03,0.88,1.45,3.22,11.72,14.71%,25.55%,"Utility - Electric Power",Utilities,38051444000,1.53,29.28,03/23/20,51.18
ZBRA,196.81,13.86,5.52,12.07,16.4,113.96%,168.47%,"Machinery - Thermal Processing","Industrial Products",11173174000,0,150.06,03/16/20,260.4
CAT,111.53,11.79,-10.49,11.06,10.32,37.68%,-2.51%,"Machinery - Construct & Mining","Industrial Products",64073672000,4.12,87.5,03/12/20,150.55
HAS,71.53,16.41,-2.98,4.07,18.24,4.26%,10.36%,"Toys & Game & Hobby","Consumer Discretionary",10228943000,2.72,41.33,03/18/20,126.87
LIN,181.15,5.13,1.69,7.35,25.32,0.00%,130.00%,"Oil - Field Services",Oils-Energy,103445704000,0,146.71,03/16/20,227.85
XYL,67.12,-4.75,1.18,3.02,22.58,97.59%,34.04%,"Machinery - General Industrial","Industrial Products",12687700000,1.04,54.62,03/23/20,89.34
URI,103.79,12.96,-3.96,19.61,5.29,12.42%,64.49%,"Building & Construction - Misc",Construction,8047834000,0,58.85,03/18/20,170.04
PPL,25.26,-2.03,0.8,2.46,10.53,-23.31%,-32.44%,"Utility - Electric Power",Utilities,20362428000,1.66,18.12,03/23/20,36.83
ALL,97.94,5.31,5.55,10.45,9.38,44.38%,26.78%,"Insurance - Proprty & Casualty",Finance,32464672000,2.16,64.13,03/18/20,125.92
HON,134.84,-14.78,-0.61,8.16,16.9,37.16%,-8.92%,"Conglomerates - Div Operations",Conglomerates,100184424000,3.6,101.08,03/23/20,184.06
EQR,65.99,-7.61,5.32,2.59,19,-9.97%,3.30%,"REIT - Equity Trust Resident",Finance,25636722000,2.41,49.62,03/23/20,89.55
FANG,30.23,3.12,-2.7,6.49,5.1,-60.35%,699.64%,"Oil - US Exploration & Product",Oils-Energy,5009689000,1.5,14.55,03/18/20,114.14
MHK,79.3,-17.23,-1.93,10.02,8.32,-53.84%,27.77%,"Textile - Home Furnishings","Consumer Discretionary",5889763000,0,56.62,03/23/20,156.6
ADP,137.64,-6.67,0.87,5.77,24.18,69.26%,16.13%,Outsourcing,"Business Services",62116444000,3.64,103.11,03/18/20,182.32
PPG,88.48,-5.73,-2.63,6.21,15.09,-16.90%,-1.39%,"Chemical - Diversified","Basic Materials",21890090000,2.04,69.77,03/19/20,134.36
EL,157.79,-14.99,-5.94,5.97,27.17,100.58%,35.50%,"Cosmetics & Toiletries","Consumer Staples",59323936000,1.92,137.01,03/18/20,220.42
OTIS,44.55,-1.28,-0.31,0,0,0.00%,0.00%,"Building & Construction - Misc",Construction,19875464000,0,38,03/25/20,50.25
V,165.96,-9.93,-2.69,5.61,30.12,158.77%,80.89%,"Financial Transaction Services","Business Services",342692800000,1.2,133.93,03/23/20,214.17
MYL,15.46,0.45,1.14,4.42,3.63,-78.50%,48.98%,"Medical - Generic Drugs",Medical,8439494000,0,12.75,03/16/20,28.45
AXP,83.79,-15.75,-3.74,8.19,11.03,13.34%,30.61%,"Finance - Misc Services",Finance,71422744000,1.72,67,03/18/20,138.13
ETN,75.74,-9.81,-0.41,5.68,13.8,16.42%,-5.15%,"Machinery - Electrical","Industrial Products",32849130000,2.92,56.42,03/23/20,105.78
FTI,7.92,0.88,0.15,0.6,14.02,-78.88%,68.83%,"Oil - Field Services",Oils-Energy,3786132000,0,4.49,03/18/20,28.57
JPM,90.79,-13.26,0.01,10.49,9.36,52.56%,39.49%,"Banks - Major Regional",Finance,290944288000,3.6,76.91,03/19/20,141.1
WRK,30.31,4.42,1.35,3.73,8.7,0.00%,224.79%,"Paper & Related Products","Basic Materials",8247331000,1.86,21.5,03/16/20,44.39
COF,52.6,-20.29,-0.36,12.08,4.68,-31.20%,41.46%,"Finance - Consumer Loans",Finance,25313678000,1.6,38,03/18/20,107.59
WRB,55.72,-0.43,1.93,3.32,17.08,76.95%,10.85%,"Insurance - Proprty & Casualty",Finance,10766871000,0.44,43.05,03/23/20,79.92
PSA,195.3,-16.76,-2.68,7.29,18.77,5.82%,29.67%,"REIT - Equity Trust Other",Finance,35802668000,8,155.37,03/23/20,266.76
TRV,102.17,-4.84,1.83,9.6,11.09,3.92%,16.27%,"Insurance - Proprty & Casualty",Finance,27548448000,3.28,76.99,03/18/20,155.09
GRMN,77.93,0.54,3.65,4.45,17.49,77.51%,30.89%,"Electronics Products - Misc","Computers and Technology",15634426000,2.28,61.04,03/23/20,105.58
AIV,37.48,-8.54,3.05,3.19,15.34,2.09%,-7.12%,"REIT - Equity Trust Resident",Finance,5881246000,1.64,24.53,03/24/20,55.68
ZION,28.01,-1.35,0.02,4.34,6.93,6.99%,37.41%,"Banks - West",Finance,4844944000,1.36,23.58,03/23/20,52.48
FLT,211.47,-24.68,0.42,11.24,19.42,36.74%,120.85%,"Financial Transaction Services","Business Services",18951570000,0,168.51,03/23/20,329.85
WU,19.13,-2.92,-0.67,1.71,11.66,-2.09%,-5.62%,"Financial Transaction Services","Business Services",8283160000,0.9,17.39,04/01/20,28.44
IP,31.8,-1.53,1.02,4.44,7.75,-37.43%,-5.25%,"Paper & Related Products","Basic Materials",13211414000,2.05,26.38,03/23/20,47.64
EMR,47.91,-2.35,-2.31,3.52,14.54,-12.42%,-25.13%,"Machinery - Electrical","Industrial Products",30891854000,2,37.75,03/23/20,78.38
LKQ,20.39,-4.52,-0.56,2.36,9.04,-16.18%,85.55%,"Auto - Truck Replacement Parts",Auto-Tires-Trucks,6585254000,0,13.31,03/23/20,36.63
ADM,35.49,0.78,-0.56,3.25,11.1,-22.75%,-20.38%,"Agriculture Operations","Consumer Staples",20750428000,1.44,28.92,03/23/20,47.2
FRC,94.53,-2.07,4.55,5.2,17.96,69.34%,130.75%,"Banks - West",Finance,16775935000,0.76,70.06,03/23/20,122.34
BK,34.63,0.45,-0.22,4.03,8.93,-13.62%,29.76%,"Banks - Major Regional",Finance,32162754000,1.24,26.4,03/18/20,53.6
AON,183.94,7.2,8.73,9.16,20.35,98.31%,-8.57%,"Insurance - Brokers",Finance,44933856000,1.76,143.93,03/23/20,238.19
HOG,18.43,-5.3,0.5,3.34,5.76,-66.19%,-13.92%,"Auto - Domestic",Auto-Tires-Trucks,2963143000,1.52,14.31,03/23/20,41.4
SYY,46.1,-1.07,-0.07,3.72,12.65,27.39%,29.23%,"Food - Misc & Diversified","Consumer Staples",24571154000,1.8,26,03/18/20,85.98
SLB,14.73,-1.36,-1.67,1.47,10.85,-83.04%,-32.24%,"Oil - Field Services",Oils-Energy,21515364000,2,11.87,03/19/20,48.88
KLAC,153.22,8.61,6.71,8.72,17.44,174.63%,55.97%,"Electronics Products - Misc","Computers and Technology",25354736000,3.4,101.34,06/03/19,184.5
CB,116.5,-5.16,4.67,10.12,11.82,12.89%,78.32%,"Insurance - Proprty & Casualty",Finance,55292580000,3,87.35,03/18/20,167.74
WDC,42.65,0.83,-0.21,0.33,132.61,-55.12%,9.51%,"Computer - Storage Devices","Computers and Technology",13383186000,2,27.4,03/19/20,72
HD,198.48,-7.18,6.2,10.25,19.39,82.21%,32.52%,"Building Prds Retail - Wsale",Retail-Wholesale,222524608000,6,140.63,03/18/20,247.36
IBM,118.69,10.8,3.81,12.81,9.46,-27.02%,-16.86%,"Computer - Integrated Systems","Computers and Technology",110082640000,6.48,90.56,03/23/20,158.75
AFL,35.75,1.13,0.1,4.44,8.4,17.71%,-1.85%,"Insurance - Accident & Health",Finance,27296464000,1.12,23.07,03/18/20,57.18
PXD,74.92,4.05,-0.58,8.19,9.59,-55.56%,84.06%,"Oil - US Exploration & Product",Oils-Energy,12821370000,1.1,48.62,03/18/20,178.22
AVB,161.08,-31.96,13.85,5.64,17.28,-2.48%,37.96%,"REIT - Equity Trust Resident",Finance,23506966000,6.36,118.17,03/23/20,229.4
CMCSA,37.16,-2.15,0.24,3.12,11.92,29.18%,58.40%,"Cable TV","Consumer Discretionary",175382880000,0.92,31.7,03/23/20,47.74
BKR,12.91,0.16,0.48,0.83,16.01,-71.82%,-2.90%,"Oil - Field Services",Oils-Energy,13762996000,0.72,9.12,03/23/20,26.93
IEX,145.4,14.17,-1.07,5.79,25.32,97.94%,16.15%,"Machinery - General Industrial","Industrial Products",11452621000,2,104.56,03/18/20,178.14
FOX,25.17,-0.27,0.14,2.31,11,0.00%,0.00%,"Broadcast - Radio & TV","Consumer Discretionary",15783700000,0.46,19.13,03/23/20,38.91
MDT,97.32,8.89,3.25,5.55,17.93,30.40%,79.69%,"Medical Products",Medical,135624800000,2.16,72.13,03/18/20,122.15
LRCX,262.81,1.32,6.88,14.51,17.83,255.29%,109.53%,"Semi-Eqpt Wafer Fabrication","Computers and Technology",39663288000,4.6,171.04,06/03/19,344.32
GILD,74.63,4.32,0.4,6.14,12.26,-25.02%,-9.81%,"Medical - Biomedical",Medical,97888416000,2.72,60.89,10/03/19,85.97
DRI,58.79,-6.28,0.08,6.16,9.88,-8.74%,35.40%,"Retail - Restaurants",Retail-Wholesale,7388326000,0,26.15,03/18/20,128.41
PWR,32.55,0.09,-0.04,3.06,10.56,15.10%,54.27%,"Engineering & R&D Services","Industrial Products",4802554000,0.2,23.77,03/23/20,44.09
HII,190.98,11.65,-1.48,14.02,13.88,41.17%,27.91%,"Aerospace - Defense",Aerospace,8023441000,4.12,147.14,03/23/20,279.71
AMAT,50.37,-0.22,3.11,3.22,15.49,140.69%,61.02%,"Semi-Eqpt Wafer Fabrication","Computers and Technology",48183464000,0.84,36.64,03/18/20,69.44
GLW,19.99,-2.8,0.32,1.75,11.66,-8.08%,18.40%,"Communications Components","Computers and Technology",15786234000,0.88,17.44,03/23/20,35.34
UAA,9.6,-1.15,0.14,0.34,28.85,-75.75%,70.77%,"Textile - Apparel","Consumer Staples",4522779000,0,7.39,04/03/20,27.72
MCD,177.84,0.63,2.17,7.85,22.95,86.34%,-23.19%,"Retail - Restaurants",Retail-Wholesale,137154800000,5,124.23,03/18/20,221.93
ALLE,94.46,-17.2,1.86,4.89,19.58,60.63%,34.73%,"Protection - Safety","Industrial Products",9098432000,1.28,77.37,03/23/20,139.24
AAP,111.99,-2.2,12.05,8.2,13.41,-22.35%,-1.37%,"Retail - Wholesale Auto Parts",Retail-Wholesale,7972179000,1,71.33,03/23/20,182.56
BF.B,60.8,7.59,2.09,1.79,33.25,71.97%,11.13%,"Beverages - Alcohol","Consumer Staples",30041474000,0.7,44.68,03/23/20,72.85
PKG,85.55,1.2,0.56,7.65,11.62,26.43%,18.99%,"Containers - Paper Products","Industrial Products",8394224000,3.16,71.05,03/12/20,114.78
AVGO,257.44,24.57,5.52,16.85,15.43,123.96%,429.33%,"Electronics - Semiconductors","Computers and Technology",106996064000,13,155.67,03/18/20,331.58
AJG,83.65,-6.38,1.4,3.66,22.83,76.40%,55.52%,"Insurance - Brokers",Finance,16408589000,1.8,65.09,03/18/20,109.46
WMB,16.81,0.93,1.59,0.98,17.45,-67.07%,7.39%,"Oil - Production & Pipeline",Oils-Energy,20999176000,1.6,8.41,03/19/20,29.06
INTU,251.96,-8.49,13,5.89,42.46,158.17%,50.55%,"Computer - Software","Computers and Technology",68070992000,2.12,187.68,03/23/20,306.89
ECL,174.66,-5.2,15.76,5.82,30.01,56.41%,4.38%,"Chemical - Specialty","Basic Materials",52100412000,1.88,124.6,03/23/20,211.24
NRG,29.5,0.57,2.06,3.46,8.66,19.11%,-38.11%,"Utility - Electric Power",Utilities,7618983000,1.2,19.54,03/18/20,42.44
LDOS,92.71,2.14,-0.15,5.16,17.84,126.74%,119.12%,"Aerospace - Defense",Aerospace,13556318000,1.36,64.69,04/16/19,125.84
FOXA,25.7,-0.5,0.16,2.31,11.25,0.00%,0.00%,"Broadcast - Radio & TV","Consumer Discretionary",16087116000,0.46,19.81,03/23/20,39.74
PNR,31.12,-4.73,-0.22,2.38,13.22,-47.64%,-57.99%,"Machinery - Thermal Processing","Industrial Products",5399523000,0.76,22.01,03/23/20,47.43
DOV,84.39,-6.14,-0.9,5.94,14.54,47.03%,-7.95%,"Machinery - General Industrial","Industrial Products",12637606000,1.96,62.95,03/23/20,120.26
DISCK,19.44,-1.89,0.69,3.7,5.36,-34.75%,77.88%,"Broadcast - Radio & TV","Consumer Discretionary",10632376000,0,15.43,03/23/20,31.2
UHS,103.09,-1.67,5.03,9.99,10.08,-12.34%,41.08%,"Medical - Hospitals",Medical,9325767000,0.8,65.2,03/19/20,157.79
SCHW,34.67,0.85,-0.22,2.72,12.78,20.22%,76.97%,"Finance - Investment Brokers",Finance,46612264000,0.72,28,03/16/20,51.65
RTX,62.33,0.23,4.65,8.26,7.49,-5.05%,18.35%,"Aerospace - Defense Equipment",Aerospace,56361356000,2.94,40.72,03/18/20,93.47
EFX,124.26,-16.23,8.24,5.61,21.64,31.78%,43.97%,"Financial Transaction Services","Business Services",15830615000,1.56,103.01,03/23/20,164.77
KMX,61.58,-7.43,3.75,5.33,11.74,-7.97%,42.41%,"Retail - Wholesale Auto Parts",Retail-Wholesale,10520360000,0,37.59,03/18/20,103.18
VNO,42.44,-1.82,5.11,1.23,12.09,-48.57%,-26.98%,"REIT - Equity Trust Other",Finance,8448708000,2.64,27.64,03/23/20,70.45
KSU,134.16,6.09,-4.4,6.94,19.68,30.84%,11.21%,"Transportation - Rail",Transportation,13397680000,1.6,92.86,03/18/20,178.59
CTSH,51.94,-0.71,4.11,4,13.18,-9.48%,63.53%,"Business Software Services","Computers and Technology",29664804000,0.88,40.01,03/23/20,73.5
IFF,117.38,8.51,3.51,5.86,20.49,5.63%,66.42%,"Consumer Prdts - Misc Staple","Consumer Staples",13069361000,3,92.14,03/23/20,152.95
NI,25.45,0.39,1.46,1.32,19.48,50.99%,-19.50%,"Utility - Electric Power",Utilities,10175841000,0.84,19.56,03/16/20,30.67
MLM,194.15,-3.06,9.77,9.74,20.28,46.68%,60.22%,"Building - CMT & CNT & AG",Construction,12638215000,2.2,135.08,03/18/20,281.82
MAS,38.23,-1.64,0.74,2.54,15.52,51.62%,-21.29%,"Building & Construction - Misc",Construction,10473711000,0.54,27.04,03/23/20,50.06
FDX,119.9,13.54,4.22,11.98,10.31,-26.40%,52.95%,"Transportation - Air Freight",Transportation,32677150000,2.6,88.69,03/17/20,199.32
NVR,2792.95,-133.45,76.12,221.25,12.5,115.63%,66.24%,"Building - Residential & Comm",Construction,10696793000,0,2043.01,03/18/20,4071.13
CXO,49.17,2.34,0.38,3.05,17.07,-59.34%,72.62%,"Oil - US Exploration & Product",Oils-Energy,10065497000,0.8,33.13,03/18/20,124.53
TJX,48.29,-3.13,1.76,2.68,17.85,51.52%,43.46%,"Retail - Discount",Retail-Wholesale,60148396000,0.92,32.72,03/23/20,64.95
AMCR,8.65,1.87,0.56,0.42,0,0.00%,117.76%,"Containers - Paper Products","Industrial Products",14500585000,0.46,5.8,03/16/20,11.77
GD,133.81,-6.37,-1.13,11.98,11.43,3.28%,27.54%,"Aerospace - Defense",Aerospace,40194504000,4.4,100.55,03/23/20,193.76
GPN,140.78,-32.13,-0.21,5.81,24.73,187.43%,77.09%,"Financial Transaction Services","Business Services",43905720000,0.78,105.54,03/23/20,209.62
GPC,71.52,-7.83,2.08,5.7,12.51,-19.37%,26.40%,"Auto - Truck Replacement Parts",Auto-Tires-Trucks,10782983000,3.16,49.68,03/23/20,113.67
MCHP,78.57,8.96,5.59,5.05,15.75,73.12%,177.00%,"Semi Analog & Mixed","Computers and Technology",19627744000,1.47,53.15,03/19/20,112.47
CTVA,25.51,0.65,0.94,1.1,0,0.00%,0.00%,"Agriculture Operations","Consumer Staples",19811044000,0.52,20.38,03/18/20,32.78
LNT,51.5,0.76,3.63,2.31,22.2,69.34%,8.88%,"Utility - Electric Power",Utilities,13148857000,1.52,37.66,03/23/20,60.28
FLIR,33.8,1.53,-0.18,2.23,15.56,14.25%,23.28%,"Electronics - Military",Aerospace,4689825000,0.68,23.85,03/23/20,59.44
CARR,13.36,1.36,-1.89,0,0,0.00%,0.00%,"Electronics Products - Misc","Computers and Technology",12014513000,0,11.5,03/24/20,17.25
ETFC,39,2.95,1.66,4.13,9.72,43.84%,55.77%,"Finance - Investment Brokers",Finance,8955893000,0.56,25.76,03/18/20,57.3
T,30.09,-4.45,-0.06,3.58,8.43,-8.47%,36.80%,"Wireless National",Utilities,223610048000,2.08,26.08,03/23/20,39.7
WHR,99.89,-15.58,4.94,16,6.29,-47.32%,2.75%,"Appliances - Household","Consumer Discretionary",6487800000,4.8,64,03/23/20,163.64
MS,38.4,0.95,1.51,4.97,7.96,6.69%,20.84%,"Finance - Investment Brokers",Finance,62801384000,1.4,27.2,03/18/20,57.57
DVN,8.67,-0.06,-0.07,1.38,7.04,-86.30%,-68.21%,"Oil - US Exploration & Product",Oils-Energy,3500700000,0.36,4.7,03/18/20,35.39
NWSA,8.93,-1.55,0.14,0.33,28.45,-39.38%,17.49%,"Movie & TV Production & Dist","Consumer Discretionary",5538515000,0.2,7.9,04/02/20,15.07
MMM,145.16,3.62,0.7,8.96,16.34,-5.57%,0.99%,"Conglomerates - Div Operations",Conglomerates,86338160000,5.88,114.04,03/23/20,219.75
HWM,11.37,-9.25,-0.84,2.12,5.94,-7.72%,-40.63%,"Engineering & R&D Services","Industrial Products",5318212000,0.08,10.34,04/15/20,34.27
FCX,7.67,0.13,0.07,0.02,415,-60.04%,-32.82%,"Mining - Non Ferrous","Basic Materials",12072087000,0.15,4.82,03/19/20,14.68
RF,9.29,-0.65,-0.06,1.55,6.88,5.64%,24.88%,"Banks - Southeast",Finance,9688817000,0.62,6.94,03/19/20,17.54
LW,55.91,-7.89,0.86,3.25,17.93,0.00%,33.44%,"Food - Misc & Diversified","Consumer Staples",8864568000,0.92,39.06,03/18/20,96.32
CPRI,13.36,-0.65,0.49,4.4,2.96,-77.30%,58.21%,"Retail - Apparel & Shoes",Retail-Wholesale,2152350000,0,5.42,03/18/20,49.42
CFG,18.58,-4.91,-0.78,3.86,5.49,-20.49%,50.99%,"Finance - Savings & Loan",Finance,8689733000,1.56,14.12,03/18/20,41.29
VTR,30.52,-2.73,3.52,1.19,8.46,-54.44%,25.91%,"REIT - Equity Trust Other",Finance,12371494000,3.17,13.35,03/18/20,75.4
IRM,24.61,-4.39,-0.06,0.85,11.46,-26.97%,36.72%,"REIT - Equity Trust Other",Finance,7677466000,2.47,21,04/02/20,36.6
NWL,12.73,-0.23,-0.37,1.74,7.67,-65.10%,69.63%,"Consumer Prdts - Misc Staple","Consumer Staples",5844300000,0.92,10.44,03/23/20,20.99
VLO,46.7,-2.86,-0.97,5.46,9.1,-15.15%,-17.21%,"Oil - Refining and Marketing",Oils-Energy,20855720000,3.92,31,03/18/20,101.99
FITB,15.73,-1.79,-0.02,2.77,6.27,-12.23%,50.55%,"Banks - Major Regional",Finance,12195931000,1.08,11.1,03/19/20,31.64
HBAN,7.73,-1.74,-0.37,1.27,6.87,-22.15%,91.33%,"Banks - Midwest",Finance,8561229000,0.6,6.82,04/03/20,15.63
L,34.56,-2.43,-1.69,3.56,10.51,-10.09%,4.23%,"Insurance - Multi Line",Finance,10594986000,0.25,28.52,03/23/20,56.88
PEAK,25.5,-3.57,1.4,0.1,15.26,-35.59%,-11.87%,"REIT - Equity Trust Other",Finance,13823979000,1.48,18.63,03/18/20,37.93
EMN,52,5.58,-0.98,7.12,8.14,-25.29%,-2.67%,"Chemical - Diversified","Basic Materials",7661704000,2.64,34.44,03/18/20,86.18
PH,131,-8.81,-0.85,11.78,11.79,16.02%,8.36%,"Machinery - General Industrial","Industrial Products",18241666000,3.52,93,03/18/20,215.94
NUE,35.53,-0.3,-1.78,4.23,9.17,-20.22%,7.03%,"Steel - Producers","Basic Materials",11552380000,1.61,27.52,03/18/20,59.29
MTB,100.95,-11.41,-2.28,13.79,8.03,-8.55%,46.56%,"Banks - Major Regional",Finance,14214040000,4.4,87.64,03/23/20,174.93
DD,35.57,-1.47,-1.63,5.4,7.1,-47.10%,-63.02%,"Chemical - Diversified","Basic Materials",28199742000,1.2,28.33,03/23/20,83.66
CE,75.18,-3.01,-0.44,9.52,8.62,23.48%,-7.42%,"Chemical - Specialty","Basic Materials",9721017000,2.48,52.7,03/18/20,128.88
SWK,107.19,-1.82,-0.13,8.39,13.59,15.77%,27.37%,"Machinery - Tools & Related","Industrial Products",17794508000,2.76,70,03/23/20,173.67
FLS,23.86,-1.91,-2.88,2.2,11.87,-54.75%,-19.13%,"Machinery - General Industrial","Industrial Products",3334796000,0.8,18.98,03/23/20,54.16
DFS,32.98,-18.76,-2,9.08,3.98,-39.15%,45.55%,"Finance - Consumer Loans",Finance,10955249000,1.76,23.25,03/19/20,92.98
LEN,39.82,-5.72,0.7,6.29,6.57,-8.84%,186.12%,"Building - Residential & Comm",Construction,13588211000,0.5,25.42,03/18/20,71.38
CTAS,187.07,-56.08,1.6,8.82,22.12,145.59%,51.42%,"Uniform & Related","Industrial Products",20986886000,2.55,154.33,03/23/20,304.81
BBY,64.76,3.89,3.2,6.13,11.15,97.37%,8.18%,"Retail - Consumer Electronics",Retail-Wholesale,18075574000,2.2,48.1,03/19/20,91.99
PSX,56.47,2.44,-1.83,8.07,7.63,-25.15%,-33.45%,"Oil - Refining and Marketing",Oils-Energy,26836968000,3.6,40.04,03/18/20,119.92
GE,6.5,-1.4,-0.59,0.67,10.48,-74.14%,-35.92%,"Conglomerates - Div Operations",Conglomerates,60577328000,0.04,5.9,03/18/20,13.26
FRT,77.96,-27.82,2.47,4.59,13.2,-39.75%,36.39%,"REIT - Equity Trust Retail",Finance,6397706000,4.2,64.68,04/03/20,141.35
HPE,9.52,-0.32,-0.13,1.8,5.76,0.00%,-47.15%,"Computer - Integrated Systems","Computers and Technology",13347223000,0.48,7.43,03/18/20,17.59
PNC,92.43,-14.35,-2.29,11.4,8.86,9.31%,32.82%,"Banks - Major Regional",Finance,42645476000,4.6,79.41,03/23/20,161.79
AMP,104.15,-9.23,0.63,16.25,7.07,-10.53%,5.70%,"Finance - Investment Mgmt",Finance,14055357000,3.88,80.01,03/18/20,180.85
HP,16.32,-1.19,-1.06,1.58,11.8,-75.36%,-24.77%,"Oil & Gas - Drilling",Oils-Energy,1996822000,2.84,12.4,03/20/20,64.8
PVH,42.33,-7.5,-3.89,9.54,4.83,-54.07%,20.24%,"Textile - Apparel","Consumer Staples",3399549000,0.15,28.4,03/23/20,134.24
OKE,27.41,-3.31,3.13,3.07,9.52,-38.11%,-16.65%,"Utility - Gas Distribution",Utilities,12610222000,3.74,12.16,03/18/20,78.48
LNC,28.9,0.24,-0.32,9.13,3.55,-43.79%,27.33%,"Insurance - Life",Finance,6294886000,1.6,16.11,03/23/20,67.52
LB,12.62,-3.41,-0.53,2.28,6.01,-84.57%,12.75%,"Retail - Apparel & Shoes",Retail-Wholesale,3890819000,1.2,8,03/17/20,28.01
KIM,9.71,-3.49,0.58,0.8,7.18,-57.81%,16.60%,"REIT - Equity Trust Retail",Finance,4640822000,1.12,7.45,04/02/20,21.86
SPG,61.22,-28.32,0.56,6.81,5.42,-64.10%,18.16%,"REIT - Equity Trust Retail",Finance,21710012000,8.4,42.25,04/02/20,184.32
JWN,18.15,-3.4,0.15,3.36,6.08,-74.35%,14.94%,"Retail - Apparel & Shoes",Retail-Wholesale,3134737000,0,12.27,04/03/20,44.35
XRX,17.27,-6.71,-1.36,4.31,4.22,-39.86%,-53.60%,"Office Supply & Forms","Industrial Products",4042991000,1,15.01,03/19/20,39.47
IVZ,8.96,-1.89,-0.23,2.55,3.75,-75.97%,18.85%,"Finance - Investment Mgmt",Finance,4447894000,1.24,7.38,03/23/20,22.18
WELL,48.53,-2.79,4.09,3.23,12.59,-29.67%,53.17%,"REIT - Equity Trust Other",Finance,21903162000,3.48,24.27,03/18/20,93.17
UNM,14.96,-0.62,0.67,5.44,2.9,-51.43%,14.17%,"Insurance - Accident & Health",Finance,3320606000,1.14,9.58,03/23/20,38
AES,12.69,-0.24,-0.47,1.37,10.36,4.09%,-40.58%,"Utility - Electric Power",Utilities,9303158000,0.57,8.11,03/18/20,21.23
RL,69.58,-13.94,-4.06,8.25,9.21,-43.94%,-15.26%,"Textile - Apparel","Consumer Staples",5641262000,2.75,59.82,04/03/20,133.63
COTY,5.78,-1.99,0.22,0.63,9.19,-74.62%,90.01%,"Cosmetics & Toiletries","Consumer Staples",4783860000,0.5,3.02,03/18/20,14.14
DOW,32.23,6.56,-0.08,2.55,0,0.00%,0.00%,"Chemical - Diversified","Basic Materials",26268590000,2.8,21.95,03/16/20,59.05
MPC,23.98,-0.92,1.49,4.83,5.24,-49.01%,26.72%,"Oil - Refining and Marketing",Oils-Energy,17081956000,2.32,15.26,03/19/20,69.65
LEG,26.4,-5.93,-0.05,2.57,11.16,-34.51%,25.65%,Furniture,"Consumer Discretionary",3837866000,1.6,22.03,03/23/20,55.42
LYV,38.47,-4.48,0.52,-0.07,0,61.45%,68.17%,"Leisure & Recreation Services","Consumer Discretionary",9001721000,0,21.7,03/18/20,76.6
HAL,6.95,-0.16,-1.05,1.24,6.33,-84.10%,-31.83%,"Oil - Field Services",Oils-Energy,6663669000,0.72,4.25,03/18/20,32.3
CMA,28.12,-10.37,-2.38,7.8,4.2,-32.38%,45.80%,"Banks - Major Regional",Finance,4335226000,2.72,24.28,03/19/20,79.94
OXY,13.61,-0.61,-0.19,1.62,9.46,-81.32%,5.60%,"Oil - US Integrated",Oils-Energy,13338852000,3.16,9,03/18/20,64.71
HES,35.42,0.46,0.24,-0.92,0,-48.68%,-39.51%,"Oil - US Integrated",Oils-Energy,11781298000,1,26.06,03/18/20,74.11
ALB,58.25,-9.64,1.37,6.04,10.48,7.93%,46.77%,"Chemical - Diversified","Basic Materials",6770394000,1.54,48.89,03/23/20,99.4
GPS,7.71,-3.08,0.77,1.98,4.21,-79.37%,-0.32%,"Retail - Apparel & Shoes",Retail-Wholesale,3130076000,0,5.26,04/02/20,26.85
O,51.5,-20.22,2.37,1.4,16.08,14.06%,59.78%,"REIT - Equity Trust Retail",Finance,19336742000,2.8,38,03/19/20,84.92
IPG,14.7,-2.36,-0.64,1.94,8.27,-26.34%,35.61%,"Advertising Marketing Services","Business Services",6250496000,1.02,11.63,03/23/20,25.2
IR,24.36,1.24,-0.58,0.76,34.5,0.00%,-4.60%,"Machinery - General Industrial","Industrial Products",5407337000,0,17.01,03/18/20,38.96
VIAC,15.2,-1.25,0.46,4.45,3.61,-74.06%,101.45%,"Movie & TV Production & Dist","Consumer Discretionary",9985534000,0.96,10.1,03/18/20,53.71
OMC,51.96,-11.09,-2.44,6.06,9.2,-28.27%,-2.38%,"Advertising Marketing Services","Business Services",12055692000,2.6,46.37,03/23/20,85.05
ADS,34.52,-15,-1.06,16.33,2.19,-88.16%,5.25%,"Financial Transaction Services","Business Services",1734135000,2.52,20.51,03/19/20,166.88
JCI,29.1,-3.71,0.83,2.15,13.66,-23.08%,131.80%,"Protection - Safety","Industrial Products",23532646000,1.04,22.77,03/23/20,44.82
LUV,32.82,-8.52,-0.01,4.28,8,-20.03%,20.55%,"Transportation - Airline",Transportation,17991554000,0.72,29.15,03/18/20,58.83
TXT,25.89,-3.26,-0.76,3.75,7.32,-37.91%,-1.79%,"Aerospace - Defense",Aerospace,6248856000,0.08,20.26,03/23/20,58
MET,32.47,0.52,0.87,6.11,5.62,-23.88%,-5.04%,"Insurance - Multi Line",Finance,31531958000,1.76,22.85,03/23/20,53.28
UDR,37,-7.56,1.35,0.6,18.45,17.46%,40.85%,"REIT - Equity Trust Resident",Finance,11606517000,1.44,29.2,03/23/20,51.25
HPQ,15,-2.17,-0.11,2.36,6.58,5.30%,-47.28%,"Computer - Mini","Computers and Technology",22761844000,0.7,12.54,03/19/20,23.93
GM,21.66,-3.04,0.37,4.82,4.77,-35.43%,-11.99%,"Auto - Domestic",Auto-Tires-Trucks,32838464000,1.52,14.32,03/18/20,41.9
SNA,109.67,-16.64,-0.25,12.27,9.3,-24.52%,13.80%,"Tools - Hand Held","Consumer Discretionary",6353536000,4.32,90.72,03/23/20,174
NBL,6.87,-0.34,0.07,-0.34,0,-85.62%,-13.00%,"Oil - US Exploration & Product",Oils-Energy,3521391000,0.48,2.73,03/18/20,28.4
HIG,38.73,-3.6,2,5.65,7.24,-1.46%,11.42%,"Insurance - Multi Line",Finance,14759145000,1.3,19.04,03/18/20,62.75
WAB,49.64,-5.44,-0.42,4.19,12.37,-45.90%,169.34%,"Transportation - Equip & Lease",Transportation,9964754000,0.48,35.07,03/18/20,81.75
STT,57.07,-1.63,1.1,6.18,9.62,-20.63%,22.87%,"Banks - Major Regional",Finance,21476670000,2.08,42.1,03/18/20,85.89
NWS,9.12,-1.48,0.13,0.33,29.03,-37.33%,17.49%,"Movie & TV Production & Dist","Consumer Discretionary",5688523000,0.2,7.88,04/02/20,15.36
DISH,21.09,-0.52,0.3,2.6,8.46,-68.09%,-12.54%,"Cable TV","Consumer Discretionary",11669178000,0,17.09,03/18/20,44.65
SIVB,161.89,5.93,2.5,21.73,7.84,33.63%,141.15%,"Banks - West",Finance,8869177000,0,127.39,03/16/20,270.95
TT,86.72,-16.68,-1.41,6.37,14.1,34.24%,28.76%,"Technology Services","Business Services",21963884000,2.12,32.58,03/02/20,146.85
WY,19.12,-2.7,1.92,0.38,52.89,-37.12%,-11.47%,"Building Products - Wood",Construction,15156401000,1.36,13.1,03/23/20,31.58
NTRS,78.89,2.78,-3.77,6.62,12.62,14.08%,52.80%,"Banks - Major Regional",Finance,17450774000,2.8,60.67,03/23/20,110.48
FTV,57.49,-2.05,-0.77,3.49,17.03,0.00%,15.51%,"Electronic Test Equipment","Computers and Technology",20524680000,0.28,37.31,03/18/20,89.48
HBI,8.89,-0.73,0.6,1.77,5.28,-70.61%,30.84%,"Textile - Apparel","Consumer Staples",3389162000,0.6,6.96,04/03/20,19.1
QRVO,84.56,1.16,3.11,5.39,15.72,28.11%,169.14%,"Semi Radio Frequency","Computers and Technology",10391983000,0,58.52,05/23/19,122.37
DHI,37.72,-1.31,1.45,4.53,8.53,51.15%,119.23%,"Building - Residential & Comm",Construction,14713179000,0.7,25.51,03/18/20,62.54
COP,32.2,0.86,-1.03,3.59,9.55,-49.52%,-33.95%,"Oil - US Integrated",Oils-Energy,36699392000,1.68,20.84,03/18/20,67.42
C,42.86,-8.06,1.73,7.58,6.16,-14.14%,14.22%,"Banks - Major Regional",Finance,95300600000,2.04,32,03/18/20,83.11
KMI,14.35,-0.47,0.11,0.95,15.74,-65.90%,-18.59%,"Oil - Production & Pipeline",Oils-Energy,34247752000,1,9.42,03/19/20,22.58
WLTW,185.65,6.43,7.78,10.97,17.29,52.96%,137.74%,"Insurance - Brokers",Finance,25357642000,2.72,143.34,03/23/20,220.97
DRE,33.7,1.84,2.19,1.17,23.54,74.39%,-16.39%,"REIT - Equity Trust Other",Finance,13116694000,0.94,25.19,03/23/20,38.88
EOG,39.89,5.21,-1.32,4.98,8.69,-56.34%,-3.63%,"Oil - US Exploration & Product",Oils-Energy,24580182000,1.15,27,03/18/20,107.89
IPGP,114.44,2.26,0.06,4.43,26.41,27.78%,70.76%,"Lasers - Systems & Components","Computers and Technology",6416896000,0,98.04,03/16/20,182.17
TFC,31.31,-2.41,0.83,4.36,7.78,-11.70%,47.73%,"Banks - Major Regional",Finance,44869264000,1.8,24.01,03/16/20,56.92
VFC,55.85,-3.44,-0.24,3.39,16.96,-19.17%,12.75%,"Textile - Apparel","Consumer Staples",23513470000,1.92,45.07,03/23/20,100.25
USB,33.33,-3.72,-1.07,4.32,8.52,-16.24%,27.73%,"Banks - Major Regional",Finance,54461144000,1.68,28.59,03/23/20,61.11
TPR,14.42,-1.83,-0.07,2.53,5.84,-63.94%,25.40%,"Retail - Apparel & Shoes",Retail-Wholesale,4245326000,1.35,10.18,04/02/20,36.06
NLSN,13.1,-1.98,-0.36,1.67,8.26,-69.49%,3.34%,"Business Information","Business Services",4997780000,0.24,11.62,04/02/20,26.85
MOS,11.37,0.35,-0.31,0.16,76.25,-72.93%,-1.65%,Fertilizers,"Basic Materials",4613346000,0.2,6.5,03/18/20,27.36
PRU,54.52,1.8,2.66,11.69,4.96,-27.45%,19.78%,"Insurance - Multi Line",Finance,23212140000,4.4,38.62,03/23/20,106.39
TEL,65.41,-4.85,0.32,5.46,12.66,1.64%,-3.34%,"Electronics - Misc Components","Computers and Technology",23349200000,1.84,48.62,03/19/20,101
SYF,14.95,-9.27,-1.27,4.29,3.78,-48.41%,52.91%,"Finance - Misc Services",Finance,9337004000,0.88,12.15,03/18/20,38.18
HRB,13.52,-3.88,-0.09,2.16,6.71,-54.96%,2.33%,"Consumer Services - Misc","Consumer Discretionary",2796662000,1.04,11.29,03/23/20,29.62
DXC,14.36,-0.77,0.46,6.56,2.38,0.00%,59.66%,"IT Services","Computers and Technology",3902229000,0.84,7.9,03/18/20,67.09
KEY,10.31,-2.31,-0.03,1.8,6.42,-21.71%,76.83%,"Banks - Major Regional",Finance,10804575000,0.74,7.45,03/19/20,20.52
AIG,24.08,-4.4,0.84,4.6,5.57,-54.76%,-22.76%,"Insurance - Multi Line",Finance,22516820000,1.28,16.07,03/18/20,58.66
BAC,22.22,-1.97,0.06,2.93,8.16,51.73%,19.34%,"Banks - Major Regional",Finance,207038816000,0.72,17.95,03/23/20,35.72
BEN,15.31,-2.85,-1.37,2.68,6,-68.49%,-32.00%,"Finance - Investment Mgmt",Finance,8109376000,1.08,15.21,04/15/20,35.8
WBA,43.44,-2.79,0.59,5.79,7.62,-46.06%,79.16%,"Retail - Drug Stores",Retail-Wholesale,40685464000,1.83,39.4,04/02/20,64.5
GL,75,3.31,3.59,6.74,11.83,42.66%,14.21%,"Finance - Misc Services",Finance,8593908000,0.75,56.74,03/23/20,111.43
NOV,11.29,1.11,0.42,-0.72,0,-77.75%,-60.45%,"Oil Field Machinery & Equip",Oils-Energy,4681970000,0.2,8,03/18/20,28.62
WFC,28.44,-2.47,-0.35,4.35,7.23,-44.83%,17.59%,"Banks - Major Regional",Finance,123418032000,2.04,25.1,03/23/20,54.75
CNP,15.87,0.37,0.45,1.79,9.44,-19.24%,33.33%,"Utility - Electric Power",Utilities,8544455000,1.16,11.58,03/19/20,31.17
PBCT,10.87,-1.96,0.26,1.38,8.39,-23.30%,67.38%,"Finance - Savings & Loan",Finance,4934572000,0.71,9.37,04/03/20,17.66
PHM,23.88,-6.44,1.06,3.6,6.89,27.63%,75.41%,"Building - Residential & Comm",Construction,6932958000,0.48,17.12,03/23/20,47.37
CF,28.12,0.52,-0.76,2.09,14.31,-48.97%,-3.23%,Fertilizers,"Basic Materials",6495939000,1.2,19.73,03/18/20,55.15
BXP,99.68,-17.89,6.51,3.3,14.35,-23.35%,23.51%,"REIT - Equity Trust Other",Finance,16393292000,3.92,77.21,03/23/20,147.83
NTAP,40.43,-0.31,0.76,3.58,11.63,19.44%,-2.83%,"Computer - Storage Devices","Computers and Technology",9541576000,1.92,34.66,03/23/20,78.35
REG,41.31,-13.94,4.54,1.46,11,-33.41%,110.66%,"REIT - Equity Trust Retail",Finance,7371119000,2.38,31.8,04/03/20,70.26
KSS,17.69,-6.92,0.86,4.89,3.84,-74.51%,5.00%,"Retail - Regional Dept Stores",Retail-Wholesale,2951227000,2.82,10.89,04/03/20,75.91
PFG,29.63,-5.85,0.89,5.59,5.64,-38.82%,54.83%,"Finance - Investment Mgmt",Finance,8633625000,2.24,23.31,03/23/20,60.81
RE,191.03,-22.01,-0.18,21.35,9.47,11.43%,42.15%,"Insurance - Proprty & Casualty",Finance,10219170000,6.2,168.16,03/23/20,294.31
AIZ,101.41,-3.2,-2.76,8.49,12.79,79.21%,-2.84%,"Insurance - Multi Line",Finance,6442447000,2.52,76.27,03/19/20,142.61
RJF,62.68,-9.27,-0.85,7.5,8.99,17.42%,61.58%,"Finance - Investment Brokers",Finance,9332028000,1.48,54.21,03/23/20,102.45
FBHS,43.33,-5.16,-0.22,3.61,12.98,-1.30%,43.63%,"Protection - Safety","Industrial Products",6447432000,0.96,33.9,03/23/20,73.28
UA,8.65,-0.8,0.29,0.34,25.68,0.00%,70.77%,"Textile - Apparel","Consumer Staples",4052879000,0,6.6,04/03/20,24.55
MNST,62.29,-0.05,3.93,2.03,29.33,36.29%,70.43%,"Beverages - Soft","Consumer Staples",34581472000,0,50.06,03/20/20,70.52
CNC,69.02,5.43,8.85,4.42,14.74,80.26%,350.72%,"Medical - HMO",Medical,38964248000,0,41.62,10/01/19,69.48
CAH,50.07,2.53,2.27,5.49,8.93,-44.53%,59.78%,"Medical - Dental Suppliers",Medical,14790530000,1.92,39.05,03/23/20,60.69
LHX,195,16.81,14.54,9.98,18.87,142.91%,152.92%,"Aerospace - Defense",Aerospace,42728512000,3.4,142.01,03/23/20,230.99
RHI,41.18,-6.01,1.05,3.9,10.49,-26.90%,29.38%,Staffing,"Business Services",4805109000,1.36,32.38,03/23/20,69.08
NDAQ,106,10.17,5.28,5,20.66,121.45%,21.77%,"Securities Exchanges",Finance,17748690000,1.88,71.66,03/23/20,120.23
BAX,86.89,6.18,4.66,2.62,0,128.25%,-31.85%,"Medical Products",Medical,44766048000,0.88,69.1,03/16/20,95
PFE,35.97,3.29,2.39,2.95,11.91,3.32%,4.32%,"Large Cap Pharma",Medical,202155968000,1.52,27.88,03/23/20,44.56
DAL,24.35,-14.11,2,7.33,3.17,-47.77%,16.46%,"Transportation - Airline",Transportation,15707907000,0,19.1,03/18/20,63.44
ADSK,169.14,12.13,21.46,1.41,114.13,174.94%,30.34%,"Computer - Software","Computers and Technology",37805908000,0,125.38,03/18/20,211.58
BIIB,326.94,24.74,28.74,33.64,9.6,-9.80%,48.18%,"Medical - Biomedical",Medical,58095600000,0,215.77,09/04/19,374.99
CME,184.98,3.94,9.14,6.8,26.86,109.22%,56.40%,"Securities Exchanges",Finance,67405232000,3.4,131.8,03/19/20,225.36
ABMD,159.54,16.73,6.77,4.21,37.15,134.42%,318.99%,"Medical Instruments",Medical,7270914000,0,119.01,03/23/20,285.77
SNPS,146.17,15.97,10.34,3.13,44.77,209.66%,63.34%,"Computer - Software","Computers and Technology",22193374000,0,104.9,03/23/20,166.87
K,62.95,-0.72,0.39,3.94,15.94,-0.17%,-6.87%,"Food - Misc & Diversified","Consumer Staples",21789786000,2.28,51.34,05/31/19,71.05
VRSN,201.3,19.6,11.27,5.01,39.72,214.18%,21.93%,"Internet Software Services","Computers and Technology",23654602000,0,148.77,03/23/20,221.78
AMGN,221.8,21.64,14.96,14.83,14.72,35.07%,16.44%,"Medical - Biomedical",Medical,133304648000,6.4,166.3,05/15/19,244.99
DG,176.11,30.44,7.07,6.74,25.46,132.44%,46.77%,"Retail - Discount",Retail-Wholesale,44787276000,1.44,116.15,05/15/19,178.84
APA,7.94,-0.07,1.48,0,0,-87.82%,-53.71%,"Oil - US Exploration & Product",Oils-Energy,3049538000,1,3.8,03/18/20,37.4
MSCI,309.62,26.95,24.27,6.44,48.06,399.54%,56.30%,"Business Software Services","Computers and Technology",26644548000,2.72,206.82,08/05/19,335.43
HLT,69.87,-9.31,3.49,3.91,17.04,12.67%,-10.00%,"Hotels & Motels","Consumer Discretionary",19424134000,0,44.3,03/18/20,115.48
BMY,59.46,4.46,2.55,4.67,12.62,-8.75%,64.65%,"Large Cap Pharma",Medical,135540896000,1.8,42.48,07/23/19,68.34
DGX,89.05,-7.54,5.82,6.56,13.18,18.85%,3.91%,"Medical - Outpatient & Hm Care",Medical,12024295000,2.24,73.02,04/03/20,118.58
AAPL,284.43,6.53,25.07,12.66,21.58,120.33%,42.33%,"Computer - Mini","Computers and Technology",1255981440000,3.08,170.27,06/03/19,327.85
COST,310.27,9.17,7.81,8.41,35.63,112.08%,35.57%,"Retail - Discount",Retail-Wholesale,138717936000,2.6,233.05,05/31/19,325.26
ORLY,353.89,-0.9,17.13,17.89,19.45,55.37%,40.66%,"Retail - Wholesale Auto Parts",Retail-Wholesale,26459698000,0,251.51,03/23/20,454.31
ABC,88.33,-1.32,1.48,7.24,11.8,-22.57%,50.20%,"Medical - Dental Suppliers",Medical,18410774000,1.68,70.55,04/22/19,97.5
CDNS,75.7,13.23,6.65,3.53,20.27,301.92%,47.78%,"Computer - Software","Computers and Technology",21383822000,0,51.39,03/18/20,80.4
TDG,316.94,-99.14,29.15,18.66,16.81,42.65%,120.12%,"Aerospace - Defense Equipment",Aerospace,17081370000,0,200.06,03/18/20,673.51
MSFT,171.88,13.49,8.83,5.4,30.65,262.86%,44.93%,"Computer - Software","Computers and Technology",1321170304000,2.04,119.01,06/03/19,190.7
ILMN,294.29,60.63,13.32,6.58,43.99,57.12%,90.34%,"Medical - Biomedical",Medical,43788360000,0,196.78,03/18/20,380.76
PRGO,51.61,5.28,4.49,4.03,12.5,-72.90%,5.07%,"Medical Products",Medical,7116719000,0.9,40.01,04/02/20,63.86
CHRW,70.92,8.08,-1.39,4.18,17.05,0.48%,13.66%,"Transportation - Services",Transportation,9323826000,2.04,56.94,03/16/20,91.96
IDXX,257.82,4.79,7.22,4.88,52.13,220.65%,61.99%,"Medical Instruments",Medical,22445008000,0,168.65,03/23/20,296.25
NOC,344.29,28.27,17.25,21.22,15.97,115.60%,41.13%,"Aerospace - Defense",Aerospace,58350120000,5.28,263.31,03/23/20,385.01
NEE,237.22,16.64,9.71,8.38,28.19,130.73%,12.83%,"Utility - Electric Power",Utilities,118628776000,5.6,174.8,03/23/20,283.35
ADBE,332.55,-0.56,26.01,7.07,45.35,345.21%,169.38%,"Computer - Software","Computers and Technology",164180928000,0,255.13,03/18/20,386.74
A,77.05,8.29,3.46,3.17,24.04,85.53%,-26.04%,"Electronic Test Equipment","Computers and Technology",24409788000,0.72,61.13,03/16/20,90.64
ANET,204.19,27.06,-5.32,8.74,23.12,212.26%,312.72%,"Communications Components","Computers and Technology",15854859000,0,156.63,03/23/20,331.27
XRAY,39.95,-0.38,1.99,2.45,16.42,-22.24%,37.86%,"Medical - Dental Suppliers",Medical,8927499000,0.4,31.58,03/23/20,60.87
LH,141.48,-8.76,8.81,11.31,12.42,13.98%,92.21%,"Medical - Dental Suppliers",Medical,14048860000,0,98.02,03/19/20,196.36
HOLX,41.33,0.73,3.54,2.47,16.58,23.60%,33.06%,"Medical Instruments",Medical,11061317000,0,26.49,03/18/20,55.25
SYK,172.54,8.2,6.71,8.26,20.83,81.00%,53.84%,"Medical Products",Medical,65741084000,2.3,124.54,03/23/20,226.3
CAG,32.87,8,2.34,1.89,16.91,14.18%,-46.12%,"Food - Misc & Diversified","Consumer Staples",16239114000,0.85,22.83,03/13/20,35.59
PYPL,107.95,-2.15,7.72,2.35,45.1,0.00%,121.46%,"Internet - Software","Computers and Technology",128772984000,0,82.07,03/23/20,124.45
KHC,28.05,4.03,1.39,2.19,0,-67.51%,37.20%,"Food - Misc & Diversified","Consumer Staples",34758988000,1.6,19.99,03/16/20,33.78
SPGI,273.25,24.88,16.92,9.53,28.17,161.08%,32.63%,"Business Information","Business Services",66822020000,2.68,186.05,03/18/20,312.94
ATO,106.35,5.78,8.03,4.46,23.15,94.16%,-41.27%,"Utility - Gas Distribution",Utilities,13222609000,2.3,77.92,03/23/20,121.08
CVS,60.56,1.08,3.85,7.08,8.33,-39.40%,84.24%,"Retail - Drug Stores",Retail-Wholesale,80284096000,2,51.72,05/17/19,77.03
NSC,153.85,6.25,-0.42,10.34,14.92,47.68%,-2.82%,"Transportation - Rail",Transportation,43136812000,3.76,112.62,03/23/20,219.88
HST,11.27,-0.14,0.58,1.26,6.45,-44.71%,2.15%,"REIT - Equity Trust Other",Finance,8204516000,0.8,7.86,03/17/20,19.99
CCL,12.38,-5.26,1.02,4.13,2.78,-73.03%,31.11%,"Leisure & Recreation Services","Consumer Discretionary",6601277000,2,7.8,04/02/20,56.04
STE,154.75,18.55,6.08,5.53,27.04,122.10%,71.50%,"Medical Instruments",Medical,13329212000,1.48,105.69,03/23/20,168.98
ORCL,53.16,5.27,2.44,3.47,15.27,25.35%,3.22%,"Computer - Software","Computers and Technology",170293536000,0.96,39.71,03/12/20,60.5
PGR,79.25,1.23,3.7,6.72,11.47,199.59%,101.24%,"Insurance - Proprty & Casualty",Finance,47099012000,0.4,62.18,03/23/20,84.96
CTL,10.1,-0.01,0.61,1.32,7.65,-71.82%,24.24%,"Wireless National",Utilities,11178681000,1,8.16,03/23/20,15.3
CPRT,70.09,-3.7,0.24,2.56,27.61,282.78%,75.50%,"Auction Valuation Services","Business Services",16625774000,0,55.69,03/23/20,104.88
CRM,155.63,7.72,10.43,1.07,142.52,132.51%,218.19%,"Computer - Software","Computers and Technology",141150464000,0,115.29,03/18/20,195.72
MDLZ,53.71,2.84,1.96,2.47,21.06,48.04%,-24.46%,"Food - Misc & Diversified","Consumer Staples",78109720000,1.14,41.19,03/23/20,59.96
DVA,76.26,-0.2,3.76,5.52,13.33,-8.45%,-10.99%,"Medical - Outpatient & Hm Care",Medical,9648591000,0,43.4,05/31/19,90.15
TMUS,88.54,3,1.88,4.49,19.19,161.21%,52.21%,"Wireless National",Utilities,76798336000,0,63.5,03/18/20,101.35
SBUX,72.55,2.74,3.95,2.87,25,42.11%,61.17%,"Retail - Restaurants",Retail-Wholesale,86466472000,1.64,50.02,03/18/20,99.72
ICE,86.25,3.2,4.02,3.87,22.01,94.73%,68.24%,"Securities Exchanges",Finance,47775008000,1.2,63.51,03/23/20,101.93
EW,214.65,29.04,19.81,5.57,37.2,212.53%,87.18%,"Medical Instruments",Medical,45204028000,0,154.52,03/23/20,247.64
TSN,60.15,7.82,2.96,5.54,11.22,58.89%,12.84%,"Food - Meat Products","Consumer Staples",22416922000,1.68,42.57,03/18/20,94.24
BDX,252.53,16.59,15.54,11.63,21.33,72.89%,104.71%,"Medical - Dental Suppliers",Medical,67665800000,3.16,197.75,03/23/20,286.72
FTNT,109.85,27.4,3.35,1.86,56.26,182.70%,179.90%,Security,"Computers and Technology",18864514000,0,68.87,06/03/19,121.82
ABBV,81.82,-2.7,7.28,8.94,8.98,24.31%,66.66%,"Large Cap Pharma",Medical,121279144000,4.72,62.55,03/23/20,97.86
DHR,152.76,11.78,14.87,4.7,31.09,82.64%,-10.06%,"Conglomerates - Div Operations",Conglomerates,106025608000,0.72,119.6,03/23/20,169.19
CLX,195.64,27.93,14.2,6.37,29.12,77.93%,11.14%,"Soap and Cleaning Products","Consumer Staples",24315684000,4.24,144.12,10/02/19,214.26
LLY,151.18,12.92,10.41,6.04,23.91,111.11%,13.78%,"Large Cap Pharma",Medical,144618016000,2.96,101.36,10/23/19,153.4
JNJ,147.66,12.93,9.74,8.68,16.1,44.47%,10.40%,"Large Cap Pharma",Medical,384986496000,3.8,109.16,03/23/20,154.5
HUM,353.54,41.27,35.13,17.84,19.52,93.15%,33.79%,"Medical - HMO",Medical,46535392000,2.5,208.25,03/23/20,384.99
CTXS,145.09,31.39,-0.74,4.1,34.14,169.54%,-4.21%,"Computer - Software","Computers and Technology",17590186000,1.4,90.28,08/07/19,150.33
PKI,78.75,5.26,3.63,4.1,18.64,51.69%,28.90%,"Industrial Scientific","Computers and Technology",8720668000,0.28,62.91,03/23/20,102.46
TTWO,123.5,7.36,3.92,2.92,41.1,389.55%,13.52%,"Toys & Game & Hobby","Consumer Discretionary",13926199000,0,87.97,04/17/19,135.7
CPB,50.5,1.33,3.86,2.48,19.56,9.30%,-1.95%,"Food - Misc & Diversified","Consumer Staples",15108372000,1.4,35.27,05/31/19,57.54
AMZN,2307.68,526.97,300.37,23.01,94.26,412.99%,215.24%,"Internet Commerce",Retail-Wholesale,1136764544000,0,1626.03,03/16/20,2333.37
EBAY,36.19,2.27,4.64,2.29,15.18,43.38%,-39.67%,"Internet Commerce",Retail-Wholesale,28451936000,0.64,26.02,03/23/20,42
AMD,54.99,11.26,7.6,0.48,106.13,"2,288.26%",22.25%,"Electronics - Semiconductors","Computers and Technology",64314904000,0,26.03,05/23/19,59.27
CHTR,496.32,42.81,45.25,7.61,61.72,163.56%,402.46%,"Cable TV","Consumer Discretionary",102797464000,0,345.67,03/18/20,546.54
EA,113.51,16.81,7.55,4.18,26.15,87.06%,38.46%,"Toys & Game & Hobby","Consumer Discretionary",32452180000,0,85.69,03/16/20,114.47
SJM,115.4,12.1,1.28,8.27,13.33,-2.81%,39.70%,"Food - Misc & Diversified","Consumer Staples",12890856000,3.52,91.88,03/16/20,128.43
COG,19.99,1.57,1.56,1.62,11.72,-40.84%,-4.91%,"Oil - US Exploration & Product",Oils-Energy,7788175000,0.4,13.06,02/28/20,27.57
UAL,31.86,-10.04,7.12,12.1,2.39,-51.35%,11.20%,"Transportation - Airline",Transportation,7661686000,0,17.8,03/18/20,96.03
AAL,12.29,-2.09,2,4.91,2.35,-77.34%,7.31%,"Transportation - Airline",Transportation,5089275000,0.4,9.09,04/03/20,34.99
ABT,90.94,9.66,9.38,3.24,26.5,84.48%,57.57%,"Medical Products",Medical,157192416000,1.44,61.61,03/23/20,92.45
JBHT,100.82,12.9,2.34,5.21,18.22,7.65%,48.66%,"Transportation - Truck",Transportation,10401694000,1.08,75.29,03/16/20,122.29
NFLX,426.75,89.97,53.99,4.13,96.06,418.42%,266.17%,"Broadcast - Radio & TV","Consumer Discretionary",181468640000,0,252.28,09/24/19,434.98
NLOK,19.7,2.23,0.74,0.97,19.44,-22.70%,-29.13%,"Protection - Safety","Industrial Products",11449322000,0.5,15.12,03/18/20,28.7
BA,145.98,-24.37,4.25,5.2,28.33,-4.99%,-15.65%,"Aerospace - Defense",Aerospace,79404432000,0,89,03/18/20,391
MKTX,413.2,68.67,30.24,5.4,71.44,352.30%,94.60%,"Securities Exchanges",Finance,15081959000,2.4,256.61,04/24/19,421.45
ATVI,65.71,6.6,5.77,2.07,30.31,164.33%,47.21%,"Toys & Game & Hobby","Consumer Discretionary",48676304000,0.37,41.84,05/24/19,66.06
ISRG,511,39.35,20.34,11.55,42.82,201.20%,110.09%,"Medical Instruments",Medical,59301996000,0,360.5,03/23/20,619
ANTM,250.47,-17.48,28.81,19.42,12.39,63.35%,41.07%,"Medical - HMO",Medical,63541044000,3.8,171.03,03/23/20,312.48
CI,182.6,4.42,7.12,17.05,10.41,42.06%,339.84%,"Insurance - Multi Line",Finance,69035608000,0.04,118.5,03/18/20,224.64
AKAM,100.39,14.56,5.06,3.55,26.81,32.69%,47.34%,"Internet - Services","Computers and Technology",16269141000,0,73.19,06/03/19,103.34
MRK,82.07,5.5,3.69,5.19,15.52,43.82%,10.90%,"Large Cap Pharma",Medical,210104512000,2.44,65.25,03/23/20,92.64
FB,176.97,6.63,8.08,6.44,27.14,118.53%,467.12%,"Internet - Services","Computers and Technology",507864480000,0,137.1,03/18/20,224.2
MKC,152.56,17.12,1.82,5.31,28,101.99%,26.02%,"Food - Misc & Diversified","Consumer Staples",20360942000,2.48,112.22,03/23/20,174.58
CL,72.65,3.5,3.56,2.83,24.55,5.70%,-9.17%,"Soap and Cleaning Products","Consumer Staples",62511244000,1.72,58.49,03/23/20,77.41
NVDA,280.84,41.26,23.07,4.58,58.92,"1,188.92%",133.22%,"Semi General","Computers and Technology",173915408000,0.64,132.6,06/03/19,316.32
ODFL,132.76,14.08,-9.94,5.1,25.47,169.37%,47.39%,"Transportation - Truck",Transportation,15959390000,0.61,87.25,06/03/19,151.47
SBAC,301.82,19,24.23,1.29,34.04,149.72%,31.94%,"REIT - Equity Trust Other",Finance,33870832000,1.86,193.91,04/18/19,314.84
KR,32.03,1.21,0.06,2.2,14.24,-10.49%,12.74%,"Retail - Supermarket",Retail-Wholesale,24962556000,0.64,20.7,07/23/19,36.84
BR,106.57,2.71,5.63,4.52,22.7,95.95%,70.53%,Outsourcing,"Business Services",12278181000,2.16,81.9,03/23/20,136.99
GOOGL,1257.3,46.31,78.02,51.58,23.47,120.55%,145.23%,"Internet - Services","Computers and Technology",869573568000,0,1008.87,03/23/20,1530.74
ANSS,253.98,18.46,14.23,5.44,44.66,191.33%,61.95%,"Computer - Software","Computers and Technology",21890888000,0,174.25,06/03/19,299.06
WMT,128.76,14.53,6.64,4.94,25.36,61.57%,7.89%,"Retail - Supermarket",Retail-Wholesale,365363744000,2.16,98.85,05/09/19,129.88
GOOG,1262.47,46.71,79.93,51.58,23.61,124.62%,145.23%,"Internet - Services","Computers and Technology",872322688000,0,1013.54,03/23/20,1532.11
TIF,128.76,0.97,0.51,4.6,27.87,48.27%,4.10%,"Retail - Jewelry",Retail-Wholesale,15646621000,2.32,78.6,08/28/19,134.42
GIS,59.05,5.57,2.61,3.34,17.27,4.38%,-5.83%,"Food - Misc & Diversified","Consumer Staples",35671276000,1.96,46.59,02/28/20,60
HRL,48.66,6.03,0.52,1.75,26.91,76.88%,1.94%,"Food - Meat Products","Consumer Staples",26087512000,0.93,37,05/23/19,51.53
COO,298.7,8.96,7.36,12.16,24.59,65.33%,54.47%,"Medical - Dental Suppliers",Medical,16025132000,0.06,236.68,03/18/20,365.68
CERN,68.21,4.41,4.58,2.41,27.27,-5.96%,67.30%,"Medical Information Systems",Medical,20977760000,0.72,53.08,03/23/20,80.9
BLL,67.64,4.02,2,2.54,26.5,82.30%,33.89%,"Containers - Metal & Glass","Industrial Products",22140348000,0.6,51.26,03/23/20,82.82
TFX,331.04,12.22,22.25,11.15,28.79,164.79%,41.07%,"Medical Instruments",Medical,15345552000,1.36,221.27,03/23/20,398.65
AGN,185.71,2.71,8.3,17.64,10.42,-36.79%,23.17%,"Medical - Generic Drugs",Medical,61434544000,2.96,114.27,06/17/19,202.21
CHD,72,8.83,5.11,2.48,27.46,71.86%,32.15%,"Soap and Cleaning Products","Consumer Staples",17730280000,0.96,47.98,03/16/20,80.99
TMO,325.83,26.35,29.89,12.34,25.55,151.02%,51.23%,"Medical Instruments",Medical,130165496000,0.88,250.21,03/23/20,342.26
FAST,34.56,0.49,2.57,1.38,23.38,65.94%,42.86%,"Building Prds Retail - Wsale",Retail-Wholesale,19839638000,1,26.72,03/23/20,39.31
PG,121.22,7.16,8.46,4.95,23.42,49.33%,-18.51%,"Soap and Cleaning Products","Consumer Staples",298705024000,2.98,94.34,03/23/20,128.09
GS,178.52,1.5,12.65,21,8.53,-9.98%,5.84%,"Finance - Investment Brokers",Finance,61288660000,5,130.85,03/19/20,250.46
MCK,137.98,5.51,6,14.41,9.09,-39.94%,55.74%,"Medical - Dental Suppliers",Medical,24356184000,1.64,111.71,04/17/19,172.18
INCY,90.95,17.73,4.91,2.15,40.93,-14.96%,322.04%,"Medical - Biomedical",Medical,19787314000,0,62.48,03/23/20,96.79
ROL,36.85,-0.9,0.98,0.73,49.14,122.63%,42.78%,"Building - Maint & Service",Construction,12317861000,0.48,30.72,03/25/20,43.91
REGN,511.69,49.99,14.03,21.46,24.09,9.32%,178.89%,"Medical - Biomedical",Medical,57741844000,0,271.37,09/27/19,526.75
EVRG,60.09,1.44,3.45,2.91,20.88,61.44%,97.86%,"Other Alt Energy",Oils-Energy,14175254000,2.02,42.01,03/23/20,76.57
MO,40.91,0.89,2.48,4.1,9.86,-19.11%,2.40%,Tobacco,"Consumer Staples",78274416000,3.36,30.95,03/23/20,56.8
DTE,104.8,8.86,7.85,6.3,17.24,30.83%,2.99%,"Utility - Electric Power",Utilities,20864334000,4.05,71.21,03/18/20,135.67
CSCO,41.52,3.94,0.94,2.95,13.97,48.44%,10.10%,"Computer - Networks","Computers and Technology",181424832000,1.44,32.4,03/16/20,58.26
CDW,103.68,2.45,5.13,6.02,17.26,174.63%,49.34%,"IT Services","Computers and Technology",15186041000,1.52,73.39,03/23/20,146.09
JKHY,163.22,2.4,-3.88,3.66,44.57,149.07%,28.32%,"Electronic Misc Services","Computers and Technology",12888960000,1.72,123.64,03/23/20,174.93
FMC,84.04,-3.81,4.8,6.08,14.25,47.98%,14.17%,"Chemical - Diversified","Basic Materials",11218651000,1.76,56.77,03/18/20,108.77
BWA,26.47,0.77,1.76,4.13,6.33,-55.27%,22.43%,"Auto - Truck Original Parts",Auto-Tires-Trucks,5620282000,0.68,17,03/18/20,46.6
XEL,64.3,-2.44,5.17,2.64,24.11,89.99%,-1.34%,"Utility - Electric Power",Utilities,34759320000,1.72,46.58,03/23/20,72.14
TXN,107.98,1.82,1.6,5.12,21.03,102.72%,10.26%,"Semi General","Computers and Technology",103624632000,3.6,93.09,03/16/20,135.7
DE,135.31,-4.68,-8.54,10,13.98,56.27%,8.85%,"Machinery - Farm","Industrial Products",43320332000,3.04,106.14,03/18/20,181.99
NCLH,12.08,0.91,1,5.09,2.23,-75.98%,106.74%,"Leisure & Recreation Services","Consumer Discretionary",2633057000,0,7.03,03/18/20,59.78
JNPR,21.89,1.56,0.03,1.24,17.61,-14.00%,-3.93%,"Wireless Equipment","Computers and Technology",7441150000,0.8,15.2,03/16/20,28.77
AMT,247.49,9.06,20.28,4.23,32.02,167.62%,84.88%,"REIT - Equity Trust Other",Finance,112986600000,4.32,174.32,03/23/20,260.43
INTC,58.87,4.56,0.59,4.89,12,89.09%,28.81%,"Semi General","Computers and Technology",259656528000,1.32,42.86,05/23/19,69.29
WM,96.63,-8.49,5.4,4.43,21.84,89.19%,10.42%,"Waste Removal Svcs","Business Services",42205960000,2.18,85.34,03/25/20,126.79
NKE,85.04,9.52,0.94,2.96,28.53,73.29%,40.71%,"Shoes and Related Apparel","Consumer Staples",136223328000,0.98,60,03/18/20,105.62
AEP,83.61,-2.54,5.18,4.25,19.65,49.02%,-8.57%,"Utility - Electric Power",Utilities,42679348000,2.8,65.14,03/23/20,104.97
KO,47.61,-0.86,1.1,2.11,22.24,19.64%,-18.98%,"Beverages - Soft","Consumer Staples",209880288000,1.64,36.27,03/23/20,60.13
DIS,103.37,0.71,1.99,5.56,18.62,-3.20%,42.52%,"Media Conglomerates","Consumer Discretionary",191430688000,1.76,79.07,03/18/20,153.41
ES,88.92,0.48,9.23,3.45,25.14,81.75%,10.13%,"Utility - Electric Power",Utilities,30192346000,2.27,60.69,03/23/20,99.42
STX,50.23,1.17,1.03,3.97,12.82,-11.84%,-24.29%,"Computer - Storage Devices","Computers and Technology",13420967000,2.6,39.02,03/23/20,64.17
YUM,77.64,-0.63,6.48,3.55,21.71,27.49%,-57.85%,"Retail - Restaurants",Retail-Wholesale,24038900000,1.88,54.95,03/23/20,119.72
ARE,152.01,3.61,13.08,3.09,21.17,64.82%,110.67%,"REIT - Equity Trust Other",Finance,19605654000,4.12,109.22,03/23/20,175.74
ESS,245.4,-29.56,31.54,6.67,17.95,11.28%,50.64%,"REIT - Equity Trust Resident",Finance,16716368000,8.31,175.81,03/23/20,334.17
RSG,77,-7.81,2.21,3.34,23.62,92.04%,17.19%,"Waste Removal Svcs","Business Services",25270536000,1.62,65.37,03/23/20,100.91
EXPD,68.74,3.67,-1.86,3.41,20.69,52.00%,24.54%,"Transportation - Services",Transportation,11863382000,1,52.55,03/23/20,81.64
VAR,109.48,-3.29,2.73,4.74,23.26,18.01%,5.75%,"Medical Instruments",Medical,10218058000,0,89.62,03/23/20,150.06
INFO,65.03,8.96,1.36,2.23,28.87,156.78%,112.26%,"Business Information","Business Services",28308718000,0.68,44.81,03/23/20,81.65
EIX,57.88,4.93,4.15,4.69,12.66,-2.79%,-7.95%,"Utility - Electric Power",Utilities,21706076000,2.55,43.63,03/16/20,78.93
ETR,97.31,-5.11,4.17,5.37,18.23,27.19%,-12.94%,"Utility - Electric Power",Utilities,20214138000,3.72,75.19,03/23/20,135.55
J,80.02,-6.99,-2.11,5.27,15.15,76.66%,0.34%,"Engineering & R&D Services","Industrial Products",10884820000,0.76,59.29,03/23/20,104
GWW,279.43,12.95,21.04,17.29,15.87,16.40%,15.26%,"Industrial Services","Industrial Products",15437965000,5.76,200.61,03/23/20,346.6
ZTS,123.81,-1.75,-2.38,3.64,33.78,166.79%,30.83%,"Medical - Drugs",Medical,60702996000,0.8,90.14,03/23/20,146.26
ROK,158.96,-7.63,-1.53,8.56,18.75,46.07%,1.08%,"Industrial Robotics","Computers and Technology",19029776000,4.08,115.38,03/23/20,209.6
EXR,93,-4,-4.89,3.22,19.72,41.43%,102.18%,"REIT - Equity Trust Other",Finance,12393596000,3.6,72.7,03/23/20,124.46
CSX,60.89,2.61,-0.6,4.17,14.77,68.48%,-5.78%,"Transportation - Rail",Transportation,48395080000,1.04,46.81,03/23/20,80.73
IT,102.6,-3.68,1.47,3.91,27.05,26.96%,110.01%,Consulting,"Business Services",9442032000,0,76.91,03/18/20,171.77
MAA,109.98,-15.56,6.65,2.87,17.51,48.60%,65.88%,"REIT - Equity Trust Resident",Finance,13030204000,4,82,03/23/20,148.88
AZO,932.66,-66.32,46.77,65.27,14.44,39.19%,25.21%,"Retail - Wholesale Auto Parts",Retail-Wholesale,22818164000,0,684.91,03/23/20,1274.41
STZ,162.36,29.59,12.98,9.13,17.27,45.13%,38.41%,"Beverages - Alcohol","Consumer Staples",32163948000,3,104.28,03/23/20,214.48
APD,213.82,7.53,11.86,8.5,25.43,47.13%,-14.56%,"Chemical - Diversified","Basic Materials",48723492000,5.36,167.43,03/16/20,257.01
SLG,51.26,-14.93,4.81,3.08,7.52,-59.17%,-18.49%,"REIT - Equity Trust Other",Finance,4099380000,3.54,37.5,04/01/20,96.39
ALGN,183.83,-11.65,9.68,4.96,37.44,221.05%,216.00%,"Medical - Dental Suppliers",Medical,14964211000,0,127.88,03/19/20,334.64
AWK,129.21,1.28,11.3,3.61,35.25,140.96%,19.88%,"Utility - Water Supply",Utilities,24186082000,2,92,03/23/20,141.7
ZBH,110.12,12.37,8.26,7.87,13.73,-4.35%,70.80%,"Medical Products",Medical,23445430000,0.96,74.37,03/18/20,161.11
FIS,120.16,-9.77,-0.01,6.42,19.25,93.09%,61.11%,"Financial Transaction Services","Business Services",76294504000,1.4,91.68,03/18/20,158.21
MMC,96.3,-2.01,9.22,4.66,20.39,74.58%,28.58%,"Insurance - Brokers",Finance,50127308000,1.82,74.33,03/23/20,119.88
MCO,229.83,17.68,2.04,8.29,27.88,121.17%,44.83%,"Finance - Misc Services",Finance,44510572000,2.24,164.19,03/23/20,287.25
APTV,60.87,-5.5,7.47,4.8,12.65,-10.48%,-15.66%,"Technology Services","Business Services",16032857000,0.88,29.22,03/18/20,99.04
ALK,30.08,-7.81,1.11,6.43,4.59,-54.54%,63.58%,"Transportation - Airline",Transportation,3806264000,0,20.02,03/18/20,72.22
BLK,443.07,30.88,1.54,28.51,15.87,22.80%,31.21%,"Finance - Investment Mgmt",Finance,70915408000,14.52,323.98,03/18/20,576.81
DUK,87.54,2.04,7.7,5.06,17.26,13.86%,4.82%,"Utility - Electric Power",Utilities,66370900000,3.78,62.13,03/23/20,103.79
DLR,140.9,-2.65,0.19,2.16,21.13,117.15%,98.54%,"REIT - Equity Trust Other",Finance,37564340000,4.48,105,03/23/20,152.59
TROW,98.98,-8.34,-2.91,8.06,12.68,23.45%,41.08%,"Finance - Investment Mgmt",Finance,24059660000,3.6,82.51,03/23/20,139.82
FE,43.95,2.92,3.69,2.59,16.96,25.19%,-26.67%,"Utility - Electric Power",Utilities,24632462000,1.56,32,03/23/20,52.51
AVY,106.98,1.27,3.19,6.59,16.51,112.93%,11.69%,"Office Supply & Forms","Industrial Products",9206706000,2.32,76.96,03/23/20,141.09
FISV,93.66,-9.35,-0.55,3.81,25.45,144.35%,101.09%,"Financial Transaction Services","Business Services",65503140000,0,73.5,03/19/20,125.05
PLD,86.54,8.78,5.65,2.47,26.11,109.47%,89.15%,"REIT - Equity Trust Other",Finance,65889876000,2.32,59.82,03/23/20,99.79
NEM,58.22,18.68,8.22,1.31,45.63,139.75%,33.57%,"Mining - Misc","Basic Materials",48378424000,0.56,29.77,05/10/19,61.53
BSX,34.79,2.57,1.21,1.59,22.14,95.86%,45.46%,"Medical Products",Medical,50151320000,0,24.1,03/23/20,46.62
AME,76.05,1.53,0.34,4.19,18.37,49.21%,28.26%,"Electronic Test Equipment","Computers and Technology",17895156000,0.72,54.82,03/18/20,102.31
ITW,152.7,-4.28,-0.1,7.73,19.65,64.92%,-2.59%,"Machinery - General Industrial","Industrial Products",49551860000,4.28,115.94,03/23/20,190.85
UPS,99.92,5.38,6.7,7.53,13.07,3.36%,27.24%,"Transportation - Air Freight",Transportation,87050584000,4.04,82,03/12/20,125.31
WEC,96.89,-2.06,9.6,3.58,26.54,94.35%,50.55%,"Utility - Electric Power",Utilities,31332158000,2.53,68.01,03/23/20,109.53
MU,46.43,3.62,0.07,2.31,19.99,63.08%,43.09%,"Semi Memory","Computers and Technology",52962296000,0,31.13,03/18/20,61.19
VRSK,147.13,1.52,-0.04,4.38,32.91,106.80%,49.26%,"Business Information","Business Services",24416536000,1.08,116.61,03/23/20,171.73
AEE,75.5,-0.61,4.01,3.35,22.63,82.35%,-2.36%,"Utility - Electric Power",Utilities,19040692000,1.98,58.74,03/23/20,87.65
XLNX,84.16,7.59,0.18,3.53,23.6,100.37%,28.39%,"Semi Pro Logic Devices","Computers and Technology",21380076000,1.48,67.68,03/12/20,141.6
HCA,109.48,5.92,11.59,10.5,9.87,44.76%,39.05%,"Medical - Hospitals",Medical,38091300000,1.72,58.38,03/18/20,151.97
RMD,160.17,10.54,6.6,3.98,39.49,149.12%,67.63%,"Medical Products",Medical,23669464000,1.56,96.81,04/18/19,177.99
MXIM,52.11,3.54,0.33,2.17,24.07,62.29%,-5.68%,"Semi Analog & Mixed","Computers and Technology",14331762000,1.92,41.93,03/17/20,65.73
VZ,56.93,2.78,-0.03,4.81,11.78,16.21%,3.77%,"Wireless National",Utilities,240459120000,2.46,48.84,03/25/20,62.22
EXPE,60.56,-9.31,3.81,4.86,12.1,-37.73%,109.37%,"Internet Commerce",Retail-Wholesale,8620462000,1.36,40.76,03/18/20,144
CBOE,98.57,3.65,4.96,4.74,19.69,75.56%,304.40%,"Securities Exchanges",Finance,11099821000,1.44,72.01,03/19/20,127.93
CMG,770.1,139.1,65.16,14.07,52.88,23.19%,35.98%,"Retail - Restaurants",Retail-Wholesale,21838458000,0,415,03/18/20,940.28
PAYX,64.89,-6.75,-0.01,3.01,21.31,34.35%,49.77%,Outsourcing,"Business Services",23725410000,2.48,47.87,03/18/20,90.54
MRO,4.23,-0.37,0.48,0.75,5.85,-85.99%,-53.32%,"Oil - US Integrated",Oils-Energy,3359277000,0.2,3.02,04/01/20,18.93
UNP,146.66,2.17,0.26,8.39,17.51,38.56%,-9.50%,"Transportation - Rail",Transportation,101084192000,3.88,105.08,03/18/20,188.96
ADI,100.45,0.96,4.5,4.84,20.59,64.75%,109.13%,"Semi Analog & Mixed","Computers and Technology",37934024000,2.48,79.07,03/18/20,127.3
IQV,124.02,5.28,4.31,5.81,21.48,83.08%,103.08%,"Technology Services","Business Services",24326050000,0,81.79,03/18/20,169.14
TGT,106.24,5.23,7.99,6.4,16.36,31.05%,7.57%,"Retail - Discount",Retail-Wholesale,54294260000,2.64,70.03,05/14/19,130.24
ULTA,201.52,-6.05,13.46,11.92,17,30.51%,128.24%,"Retail - Misc & Diversified",Retail-Wholesale,11543343000,0,124.05,03/18/20,368.83
ALXN,96.94,17.04,2.76,9.71,9.94,-44.80%,123.44%,"Medical - Biomedical",Medical,22076740000,0,72.67,03/16/20,139.95
TWTR,27.51,-1.89,1.8,0.49,55.53,-45.02%,146.57%,"Internet - Software","Computers and Technology",21857098000,0,20,03/18/20,45.85
CCI,162.46,7.53,16.08,1.97,26.79,92.81%,56.18%,"REIT - Equity Trust Other",Finance,69088648000,4.8,114.18,03/24/20,168.75
PM,75.44,-3.76,1.23,5.2,14.22,-6.73%,-62.79%,Tobacco,"Consumer Staples",120177440000,4.68,56.01,03/23/20,90.17
LMT,374.38,44.36,17.67,21.94,16.86,94.52%,31.17%,"Aerospace - Defense",Aerospace,107059392000,9.6,266.11,03/23/20,442.53
FFIV,120.42,15.01,3.94,7.98,15.13,-0.16%,29.47%,"Internet - Software","Computers and Technology",7477676000,0,79.78,03/18/20,168.94
EQIX,675.53,55.09,52.56,6,28.76,179.96%,127.60%,"REIT - Equity Trust Retail",Finance,55707084000,10.64,440.72,04/26/19,695.87
AOS,40.08,-1.56,0.27,2.23,17.77,22.15%,27.02%,"Machinery - Electrical","Industrial Products",6587320000,0.96,33.81,03/23/20,56.66
BKNG,1424.61,2.17,47.13,103.42,13.74,17.54%,78.47%,"Internet Commerce",Retail-Wholesale,59516088000,0,1107.29,03/23/20,2094
KMB,137.67,3.41,6.2,6.88,19.29,25.48%,-6.46%,"Consumer Prdts - Misc Staple","Consumer Staples",47835128000,4.28,110.66,03/24/20,149.23
VRTX,255.23,35.84,9.03,4.25,59.36,97.00%,617.21%,"Medical - Biomedical",Medical,68034784000,0,163.68,04/18/19,267.45
CMS,60.7,-1.49,3.56,2.49,24.56,77.10%,-4.65%,"Utility - Electric Power",Utilities,17697632000,1.63,46.03,03/23/20,69.17
PNW,79.66,-1.76,6.21,4.78,16.65,28.36%,-0.58%,"Utility - Electric Power",Utilities,9204974000,3.13,60.05,03/18/20,105.51
ROP,314.09,-1.43,3.98,13.05,24.12,88.12%,51.20%,"Machinery - General Industrial","Industrial Products",33919124000,2.05,240,03/16/20,395
PEP,135.03,7.55,4.52,5.52,23.71,45.42%,0.72%,"Beverages - Soft","Consumer Staples",192313024000,3.82,101.42,03/20/20,147.2
SWKS,92.87,10.35,3.42,5.52,16.39,2.46%,47.36%,"Semi Radio Frequency","Computers and Technology",16225484000,1.76,66.29,06/03/19,128.48
MAR,80.73,-14.95,6.84,6.01,12.99,1.03%,52.02%,"Hotels & Motels","Consumer Discretionary",26806096000,1.92,46.56,03/18/20,153.39
CMI,145.46,7.7,-1.3,14.86,9.86,8.53%,22.63%,"Engines - Internal Combustion",Auto-Tires-Trucks,21942792000,5.24,101.03,03/23/20,186.73
PCAR,65.38,0.07,-0.33,6.87,9.6,1.01%,34.76%,"Auto - Domestic",Auto-Tires-Trucks,23142448000,1.28,49.11,03/23/20,83.41
MSI,148.62,-5.84,6.67,7.43,19.68,152.25%,34.11%,"Wireless Equipment","Computers and Technology",26211580000,2.56,120.77,03/23/20,187.49
PEG,52.01,8.06,4.67,3.28,15.75,26.46%,-7.44%,"Utility - Electric Power",Utilities,27014192000,1.96,34.75,03/23/20,63.88
LVS,47.1,-2.03,4.27,3.26,14.26,-12.89%,-5.79%,Gaming,"Consumer Discretionary",36758324000,3.16,33.3,03/18/20,74.29
CVX,82.49,-0.84,1.66,6.74,12.6,-22.99%,-30.88%,"Oil - International Integrated",Oils-Energy,157965088000,5.16,51.6,03/19/20,127
QCOM,75.99,-0.11,2.96,2.6,28.19,13.64%,-8.36%,"Wireless Equipment","Computers and Technology",88642984000,2.48,57.29,04/16/19,96.17
HSIC,52.16,-4.44,2.97,3.51,14.73,-4.20%,-3.72%,"Medical - Dental Suppliers",Medical,7644584000,0,41.85,03/23/20,73.99
D,79.79,1.77,6.62,4.23,18.8,11.53%,33.26%,"Utility - Electric Power",Utilities,68732760000,3.76,57.79,03/23/20,90.89
HSY,142.6,2.81,1.54,5.79,24.64,54.42%,7.61%,"Food - Confectionery","Consumer Staples",30650476000,3.09,109.88,03/23/20,162.2
MTD,692.96,22.36,-14.49,22.81,30.28,121.01%,21.02%,"Industrial Scientific","Computers and Technology",17068958000,0,579.4,03/23/20,873.51
ED,86.97,-0.74,7.41,4.36,19.46,42.88%,-2.67%,"Utility - Electric Power",Utilities,29806108000,3.06,62.03,03/23/20,95.1
APH,80.37,0.92,4.81,3.74,21.57,46.82%,53.88%,"Electronics - Connectors","Computers and Technology",24584390000,1,63.05,03/18/20,110.24
WAT,189.41,4.64,-0.96,9.07,20.69,56.75%,20.97%,"Industrial Scientific","Computers and Technology",12036897000,0,154.39,03/23/20,251.68
KEYS,92.97,0.61,3.43,4.61,20.08,171.11%,46.71%,"Electronics - Measuring Inst","Computers and Technology",17776290000,0,71.03,05/29/19,110
ROST,88.56,-3.98,4.04,4.58,19,74.31%,45.26%,"Retail - Discount",Retail-Wholesale,32329556000,1.14,56.3,03/18/20,124.16
DLTR,78.09,3.32,1.78,4.93,15.45,-1.55%,174.47%,"Retail - Discount",Retail-Wholesale,18916462000,0,60.2,03/18/20,119.71
CBRE,42.89,-3.54,0.79,3.71,11.71,13.95%,164.03%,"Real Estate Operations",Finance,14745513000,0,29.17,03/23/20,64.75
NOW,295.92,7.49,32.81,0.57,497.47,297.02%,406.98%,"IT Services","Computers and Technology",57336684000,0,213.99,10/23/19,362.95
TSCO,90.74,14.64,4.36,4.68,19.16,2.18%,46.22%,"Retail - Misc & Diversified",Retail-Wholesale,10785684000,1.4,63.89,03/17/20,114.25
PAYC,226.4,-3.29,37.31,2.94,73.59,594.35%,388.75%,"Internet - Software","Computers and Technology",13446899000,0,163.42,04/03/20,342
BRK.B,188.57,-7.75,3.4,9.78,19.3,35.79%,30.79%,"Insurance - Proprty & Casualty",Finance,470000672000,0,159.5,03/23/20,231.61
VMC,110.18,0.2,2.05,4.7,23.28,34.74%,64.62%,"Building - CMT & CNT & AG",Construction,14908460000,1.36,65.56,03/18/20,152.49
SHW,492.68,-6.16,29.82,21.09,23.2,78.47%,60.84%,"Paint & Related Products",Construction,46305020000,5.36,325.43,03/18/20,599.95
RCL,36.98,4.67,3.46,9.54,3.5,-47.79%,35.63%,"Leisure & Recreation Services","Consumer Discretionary",7908560000,3.12,19.25,03/18/20,135.32
LYB,52.7,5.33,0.51,9.58,6.06,-41.84%,-23.86%,"Chemical - Diversified","Basic Materials",19559664000,4.2,33.71,03/16/20,98.91
"Downloaded from Barchart.com as of 04-15-2020 03:23pm CDT"
